{
  "method": "mixstyle",
  "source": 3,
  "best_val_macro_f1": 1.0,
  "targets": {
    "0": {
      "acc": 0.7732949087415946,
      "macro_f1": 0.687489512777835,
      "per_class_acc": [
        1.0,
        0.9957894682884216,
        0.508474588394165,
        0.002114164875820279,
        1.0,
        0.0,
        1.0,
        1.0,
        0.9957627058029175,
        1.0
      ],
      "confmat": [
        [
          949,
          0,
          0,
          0,
          0,
          0,
          0,
          0,
          0,
          0
        ],
        [
          0,
          473,
          0,
          0,
          0,
          1,
          1,
          0,
          0,
          0
        ],
        [
          0,
          11,
          240,
          0,
          0,
          25,
          117,
          0,
          0,
          79
        ],
        [
          0,
          207,
          43,
          1,
          3,
          109,
          110,
          0,
          0,
          0
        ],
        [
          0,
          0,
          0,
          0,
          470,
          0,
          0,
          0,
          0,
          0
        ],
        [
          0,
          0,
          0,
          0,
          0,
          0,
          0,
          13,
          0,
          459
        ],
        [
          0,
          0,
          0,
          0,
          0,
          0,
          474,
          0,
          0,
          0
        ],
        [
          0,
          0,
          0,
          0,
          0,
          0,
          0,
          473,
          0,
          0
        ],
        [
          0,
          0,
          0,
          0,
          2,
          0,
          0,
          0,
          470,
          0
        ],
        [
          0,
          0,
          0,
          0,
          0,
          0,
          0,
          0,
          0,
          475
        ]
      ]
    },
    "1": {
      "acc": 0.8332790621947248,
      "macro_f1": 0.7172972267447429,
      "per_class_acc": [
        1.0,
        0.9787685871124268,
        0.8607594966888428,
        0.0,
        1.0,
        0.0042372881434857845,
        0.9915074110031128,
        1.0,
        0.9957805871963501,
        1.0
      ],
      "confmat": [
        [
          1887,
          0,
          0,
          0,
          0,
          0,
          0,
          0,
          0,
          0
        ],
        [
          0,
          461,
          0,
          0,
          6,
          0,
          4,
          0,
          0,
          0
        ],
        [
          0,
          0,
          408,
          0,
          0,
          3,
          63,
          0,
          0,
          0
        ],
        [
          0,
          49,
          1,
          0,
          7,
          55,
          360,
          0,
          0,
          0
        ],
        [
          0,
          0,
          0,
          0,
          473,
          0,
          0,
          0,
          0,
          0
        ],
        [
          0,
          0,
          0,
          0,
          0,
          2,
          1,
          59,
          0,
          410
        ],
        [
          0,
          0,
          0,
          0,
          0,
          0,
          467,
          4,
          0,
          0
        ],
        [
          0,
          0,
          0,
          0,
          0,
          0,
          0,
          475,
          0,
          0
        ],
        [
          0,
          0,
          0,
          0,
          2,
          0,
          0,
          0,
          472,
          0
        ],
        [
          0,
          0,
          0,
          0,
          0,
          0,
          0,
          0,
          0,
          473
        ]
      ]
    },
    "2": {
      "acc": 0.890625,
      "macro_f1": 0.8290094553664898,
      "per_class_acc": [
        1.0,
        0.9787685871124268,
        0.9894291758537292,
        0.5717299580574036,
        1.0,
        0.07203389704227448,
        0.9724576473236084,
        1.0,
        0.9936440587043762,
        1.0
      ],
      "confmat": [
        [
          1891,
          0,
          0,
          0,
          0,
          0,
          0,
          0,
          0,
          0
        ],
        [
          0,
          461,
          0,
          0,
          6,
          0,
          4,
          0,
          0,
          0
        ],
        [
          0,
          1,
          468,
          0,
          0,
          1,
          3,
          0,
          0,
          0
        ],
        [
          0,
          199,
          4,
          271,
          0,
          0,
          0,
          0,
          0,
          0
        ],
        [
          0,
          0,
          0,
          0,
          474,
          0,
          0,
          0,
          0,
          0
        ],
        [
          0,
          0,
          0,
          0,
          0,
          34,
          8,
          17,
          0,
          413
        ],
        [
          0,
          0,
          0,
          0,
          0,
          0,
          459,
          13,
          0,
          0
        ],
        [
          0,
          0,
          0,
          0,
          0,
          0,
          0,
          471,
          0,
          0
        ],
        [
          0,
          0,
          0,
          0,
          3,
          0,
          0,
          0,
          469,
          0
        ],
        [
          0,
          0,
          0,
          0,
          0,
          0,
          0,
          0,
          0,
          474
        ]
      ]
    }
  },
  "ckpt": "results/ckpts/mixstyle_src3_seed2026.pt"
}