{
  "method": "wdcnn",
  "source": 2,
  "best_val_macro_f1": 1.0,
  "targets": {
    "0": {
      "acc": 0.9406340057636887,
      "macro_f1": 0.9326135910385285,
      "per_class_acc": [
        1.0,
        0.9200000166893005,
        0.991525411605835,
        0.6680760979652405,
        1.0,
        0.7881355881690979,
        1.0,
        1.0,
        0.9809321761131287,
        0.9978947639465332
      ],
      "confmat": [
        [
          949,
          0,
          0,
          0,
          0,
          0,
          0,
          0,
          0,
          0
        ],
        [
          0,
          437,
          0,
          33,
          3,
          1,
          0,
          1,
          0,
          0
        ],
        [
          0,
          0,
          468,
          4,
          0,
          0,
          0,
          0,
          0,
          0
        ],
        [
          0,
          85,
          47,
          316,
          0,
          25,
          0,
          0,
          0,
          0
        ],
        [
          0,
          0,
          0,
          0,
          470,
          0,
          0,
          0,
          0,
          0
        ],
        [
          0,
          0,
          1,
          0,
          0,
          372,
          0,
          0,
          0,
          99
        ],
        [
          0,
          0,
          0,
          0,
          0,
          0,
          474,
          0,
          0,
          0
        ],
        [
          0,
          0,
          0,
          0,
          0,
          0,
          0,
          473,
          0,
          0
        ],
        [
          0,
          8,
          0,
          1,
          0,
          0,
          0,
          0,
          463,
          0
        ],
        [
          0,
          0,
          0,
          0,
          0,
          1,
          0,
          0,
          0,
          474
        ]
      ]
    },
    "1": {
      "acc": 0.9506675350048844,
      "macro_f1": 0.9305861639906595,
      "per_class_acc": [
        1.0,
        0.9915074110031128,
        0.9915611743927002,
        0.43220338225364685,
        1.0,
        0.9830508232116699,
        1.0,
        1.0,
        0.9641350507736206,
        0.9957716464996338
      ],
      "confmat": [
        [
          1887,
          0,
          0,
          0,
          0,
          0,
          0,
          0,
          0,
          0
        ],
        [
          0,
          467,
          0,
          2,
          0,
          0,
          0,
          2,
          0,
          0
        ],
        [
          0,
          0,
          470,
          3,
          0,
          0,
          1,
          0,
          0,
          0
        ],
        [
          0,
          243,
          10,
          204,
          0,
          13,
          0,
          0,
          2,
          0
        ],
        [
          0,
          0,
          0,
          0,
          473,
          0,
          0,
          0,
          0,
          0
        ],
        [
          0,
          0,
          0,
          0,
          0,
          464,
          0,
          0,
          0,
          8
        ],
        [
          0,
          0,
          0,
          0,
          0,
          0,
          471,
          0,
          0,
          0
        ],
        [
          0,
          0,
          0,
          0,
          0,
          0,
          0,
          475,
          0,
          0
        ],
        [
          0,
          17,
          0,
          0,
          0,
          0,
          0,
          0,
          457,
          0
        ],
        [
          0,
          0,
          0,
          0,
          0,
          2,
          0,
          0,
          0,
          471
        ]
      ]
    },
    "3": {
      "acc": 0.9096816114359974,
      "macro_f1": 0.8787017419254525,
      "per_class_acc": [
        1.0,
        0.5774946808815002,
        0.997890293598175,
        0.9873417615890503,
        0.7253668904304504,
        0.5868644118309021,
        1.0,
        1.0,
        0.9534883499145508,
        0.9957716464996338
      ],
      "confmat": [
        [
          1894,
          0,
          0,
          0,
          0,
          0,
          0,
          0,
          0,
          0
        ],
        [
          0,
          272,
          0,
          199,
          0,
          0,
          0,
          0,
          0,
          0
        ],
        [
          0,
          0,
          473,
          0,
          0,
          0,
          1,
          0,
          0,
          0
        ],
        [
          0,
          0,
          6,
          468,
          0,
          0,
          0,
          0,
          0,
          0
        ],
        [
          0,
          0,
          0,
          4,
          346,
          11,
          0,
          1,
          115,
          0
        ],
        [
          0,
          0,
          175,
          20,
          0,
          277,
          0,
          0,
          0,
          0
        ],
        [
          0,
          0,
          0,
          0,
          0,
          0,
          473,
          0,
          0,
          0
        ],
        [
          0,
          0,
          0,
          0,
          0,
          0,
          0,
          475,
          0,
          0
        ],
        [
          0,
          11,
          0,
          8,
          0,
          3,
          0,
          0,
          451,
          0
        ],
        [
          0,
          0,
          0,
          0,
          0,
          2,
          0,
          0,
          0,
          471
        ]
      ]
    }
  },
  "ckpt": "results/ckpts/wdcnn_src2_seed2026.pt"
}