{
  "method": "wdcnn",
  "source": 3,
  "best_val_macro_f1": 1.0,
  "targets": {
    "0": {
      "acc": 0.8318924111431316,
      "macro_f1": 0.7685458888750973,
      "per_class_acc": [
        1.0,
        0.9599999785423279,
        0.9533898234367371,
        0.021141648292541504,
        0.9851064085960388,
        0.23728813230991364,
        1.0,
        1.0,
        1.0,
        0.9915789365768433
      ],
      "confmat": [
        [
          949,
          0,
          0,
          0,
          0,
          0,
          0,
          0,
          0,
          0
        ],
        [
          0,
          456,
          0,
          0,
          0,
          0,
          0,
          16,
          3,
          0
        ],
        [
          0,
          12,
          450,
          2,
          0,
          1,
          0,
          1,
          0,
          6
        ],
        [
          0,
          415,
          10,
          10,
          0,
          3,
          0,
          30,
          5,
          0
        ],
        [
          0,
          0,
          0,
          0,
          463,
          0,
          7,
          0,
          0,
          0
        ],
        [
          0,
          0,
          0,
          0,
          22,
          112,
          15,
          0,
          0,
          323
        ],
        [
          0,
          0,
          0,
          0,
          0,
          0,
          474,
          0,
          0,
          0
        ],
        [
          0,
          0,
          0,
          0,
          0,
          0,
          0,
          473,
          0,
          0
        ],
        [
          0,
          0,
          0,
          0,
          0,
          0,
          0,
          0,
          472,
          0
        ],
        [
          0,
          0,
          0,
          0,
          0,
          0,
          4,
          0,
          0,
          471
        ]
      ]
    },
    "1": {
      "acc": 0.8624226636274829,
      "macro_f1": 0.7759216653080103,
      "per_class_acc": [
        1.0,
        0.9426751732826233,
        0.9725738167762756,
        0.0,
        0.9915433526039124,
        0.3156779706478119,
        1.0,
        1.0,
        0.9873417615890503,
        1.0
      ],
      "confmat": [
        [
          1887,
          0,
          0,
          0,
          0,
          0,
          0,
          0,
          0,
          0
        ],
        [
          0,
          444,
          0,
          0,
          0,
          0,
          0,
          17,
          10,
          0
        ],
        [
          0,
          10,
          461,
          0,
          0,
          0,
          3,
          0,
          0,
          0
        ],
        [
          0,
          467,
          3,
          0,
          0,
          0,
          0,
          1,
          1,
          0
        ],
        [
          0,
          0,
          0,
          0,
          469,
          0,
          4,
          0,
          0,
          0
        ],
        [
          0,
          0,
          0,
          0,
          67,
          149,
          0,
          35,
          3,
          218
        ],
        [
          0,
          0,
          0,
          0,
          0,
          0,
          471,
          0,
          0,
          0
        ],
        [
          0,
          0,
          0,
          0,
          0,
          0,
          0,
          475,
          0,
          0
        ],
        [
          0,
          6,
          0,
          0,
          0,
          0,
          0,
          0,
          468,
          0
        ],
        [
          0,
          0,
          0,
          0,
          0,
          0,
          0,
          0,
          0,
          473
        ]
      ]
    },
    "2": {
      "acc": 0.9088541666666666,
      "macro_f1": 0.8624461388474749,
      "per_class_acc": [
        1.0,
        0.9957537055015564,
        0.9957716464996338,
        0.18565401434898376,
        0.997890293598175,
        0.6440678238868713,
        1.0,
        1.0,
        0.9978813529014587,
        1.0
      ],
      "confmat": [
        [
          1891,
          0,
          0,
          0,
          0,
          0,
          0,
          0,
          0,
          0
        ],
        [
          0,
          469,
          0,
          0,
          0,
          0,
          0,
          0,
          2,
          0
        ],
        [
          0,
          0,
          471,
          0,
          0,
          0,
          2,
          0,
          0,
          0
        ],
        [
          0,
          370,
          0,
          88,
          0,
          0,
          0,
          0,
          16,
          0
        ],
        [
          0,
          0,
          0,
          0,
          473,
          0,
          1,
          0,
          0,
          0
        ],
        [
          0,
          0,
          0,
          0,
          18,
          304,
          1,
          20,
          7,
          122
        ],
        [
          0,
          0,
          0,
          0,
          0,
          0,
          472,
          0,
          0,
          0
        ],
        [
          0,
          0,
          0,
          0,
          0,
          0,
          0,
          471,
          0,
          0
        ],
        [
          0,
          1,
          0,
          0,
          0,
          0,
          0,
          0,
          471,
          0
        ],
        [
          0,
          0,
          0,
          0,
          0,
          0,
          0,
          0,
          0,
          474
        ]
      ]
    }
  },
  "ckpt": "results/ckpts/wdcnn_src3_seed2026.pt"
}