{
  "method": "wdcnn",
  "source": 0,
  "best_val_macro_f1": 1.0,
  "targets": {
    "1": {
      "acc": 0.9757408010420059,
      "macro_f1": 0.9682917141906895,
      "per_class_acc": [
        1.0,
        0.9978768825531006,
        0.9535865187644958,
        0.7944915294647217,
        1.0,
        0.9597457647323608,
        1.0,
        1.0,
        0.9831223487854004,
        0.9957716464996338
      ],
      "confmat": [
        [
          1887,
          0,
          0,
          0,
          0,
          0,
          0,
          0,
          0,
          0
        ],
        [
          0,
          470,
          0,
          0,
          0,
          0,
          0,
          1,
          0,
          0
        ],
        [
          0,
          4,
          452,
          13,
          0,
          0,
          5,
          0,
          0,
          0
        ],
        [
          0,
          96,
          0,
          375,
          0,
          0,
          0,
          0,
          1,
          0
        ],
        [
          0,
          0,
          0,
          0,
          473,
          0,
          0,
          0,
          0,
          0
        ],
        [
          0,
          0,
          0,
          0,
          0,
          453,
          0,
          9,
          0,
          10
        ],
        [
          0,
          0,
          0,
          0,
          0,
          0,
          471,
          0,
          0,
          0
        ],
        [
          0,
          0,
          0,
          0,
          0,
          0,
          0,
          475,
          0,
          0
        ],
        [
          0,
          2,
          0,
          3,
          2,
          0,
          0,
          1,
          466,
          0
        ],
        [
          0,
          0,
          0,
          0,
          0,
          2,
          0,
          0,
          0,
          471
        ]
      ]
    },
    "2": {
      "acc": 0.9554036458333334,
      "macro_f1": 0.9406483612065738,
      "per_class_acc": [
        1.0,
        0.9978768825531006,
        0.9894291758537292,
        0.6413502097129822,
        1.0,
        0.8326271176338196,
        1.0,
        1.0,
        0.9597457647323608,
        1.0
      ],
      "confmat": [
        [
          1891,
          0,
          0,
          0,
          0,
          0,
          0,
          0,
          0,
          0
        ],
        [
          0,
          470,
          0,
          1,
          0,
          0,
          0,
          0,
          0,
          0
        ],
        [
          0,
          1,
          468,
          0,
          0,
          0,
          4,
          0,
          0,
          0
        ],
        [
          0,
          170,
          0,
          304,
          0,
          0,
          0,
          0,
          0,
          0
        ],
        [
          0,
          0,
          0,
          0,
          474,
          0,
          0,
          0,
          0,
          0
        ],
        [
          0,
          3,
          1,
          2,
          3,
          393,
          0,
          24,
          2,
          44
        ],
        [
          0,
          0,
          0,
          0,
          0,
          0,
          472,
          0,
          0,
          0
        ],
        [
          0,
          0,
          0,
          0,
          0,
          0,
          0,
          471,
          0,
          0
        ],
        [
          0,
          4,
          0,
          3,
          3,
          0,
          0,
          9,
          453,
          0
        ],
        [
          0,
          0,
          0,
          0,
          0,
          0,
          0,
          0,
          0,
          474
        ]
      ]
    },
    "3": {
      "acc": 0.9483430799220273,
      "macro_f1": 0.9295371740838005,
      "per_class_acc": [
        1.0,
        0.9851379990577698,
        0.9810126423835754,
        0.9662446975708008,
        0.9392033815383911,
        0.6483050584793091,
        1.0,
        1.0,
        0.8097251653671265,
        0.9978858232498169
      ],
      "confmat": [
        [
          1894,
          0,
          0,
          0,
          0,
          0,
          0,
          0,
          0,
          0
        ],
        [
          0,
          464,
          0,
          7,
          0,
          0,
          0,
          0,
          0,
          0
        ],
        [
          0,
          0,
          465,
          1,
          0,
          0,
          8,
          0,
          0,
          0
        ],
        [
          0,
          13,
          3,
          458,
          0,
          0,
          0,
          0,
          0,
          0
        ],
        [
          0,
          0,
          0,
          0,
          448,
          2,
          0,
          10,
          17,
          0
        ],
        [
          0,
          8,
          33,
          50,
          3,
          306,
          0,
          11,
          4,
          57
        ],
        [
          0,
          0,
          0,
          0,
          0,
          0,
          473,
          0,
          0,
          0
        ],
        [
          0,
          0,
          0,
          0,
          0,
          0,
          0,
          475,
          0,
          0
        ],
        [
          0,
          25,
          0,
          4,
          44,
          6,
          0,
          11,
          383,
          0
        ],
        [
          0,
          0,
          0,
          0,
          0,
          1,
          0,
          0,
          0,
          472
        ]
      ]
    }
  },
  "ckpt": "results/ckpts/wdcnn_src0_seed2026.pt"
}